Date,Location,Received_Calls,Number_of_Errors,Customers_Served,Average_Spend_per_Customer,Employee_Satisfaction_Rate,Store_Health,Store_ID
2021-07-30 03:14:05.074844,Mall,12,5,209,19.44,3,Unhealthy,31
2021-07-31 03:14:05.074844,Mall,7,1,204,13.84,4,Healthy,19
2021-08-01 03:14:05.074844,University,6,3,172,12.07,4,Unhealthy,20
2021-08-02 03:14:05.074844,Suburban,10,1,197,13.6,4,Healthy,87
2021-08-03 03:14:05.074844,University,15,0,222,18.92,4,Healthy,27
2021-08-04 03:14:05.074844,Mall,11,1,205,17.43,3,Healthy,94
2021-08-05 03:14:05.074844,Downtown,6,4,164,9.84,4,Healthy,85
2021-08-06 03:14:05.074844,Suburban,10,3,190,8.56,4,Unhealthy,44
2021-08-07 03:14:05.074844,Downtown,7,3,231,8.94,3,Healthy,35
2021-08-08 03:14:05.074844,Downtown,11,5,214,12.57,3,Unhealthy,71
2021-08-09 03:14:05.074844,Suburban,13,1,201,16.16,1,Unhealthy,22
2021-08-10 03:14:05.074844,University,10,4,227,12.55,4,Unhealthy,74
2021-08-11 03:14:05.074844,Downtown,9,1,207,6.02,3,Unhealthy,87
2021-08-12 03:14:05.074844,Mall,6,1,201,15.85,4,Healthy,15
2021-08-13 03:14:05.074844,Downtown,9,1,201,17.09,3,Unhealthy,94
2021-08-14 03:14:05.074844,Suburban,11,0,204,9.34,5,Healthy,98
2021-08-15 03:14:05.074844,Suburban,12,1,205,14.96,3,Unhealthy,13
2021-08-16 03:14:05.074844,Suburban,7,4,186,11.4,3,Unhealthy,4
2021-08-17 03:14:05.074844,University,13,2,232,18.34,4,Unhealthy,82
2021-08-18 03:14:05.074844,Downtown,11,1,197,17.68,4,Healthy,56
2021-08-19 03:14:05.074844,University,5,1,204,12.88,3,Healthy,23
2021-08-20 03:14:05.074844,University,14,1,196,15.37,3,Healthy,97
2021-08-21 03:14:05.074844,Suburban,12,2,240,18.25,3,Healthy,98
2021-08-22 03:14:05.074844,Suburban,8,2,195,12.44,4,Healthy,34
2021-08-23 03:14:05.074844,University,7,0,188,9.7,4,Unhealthy,100
2021-08-24 03:14:05.074844,Downtown,7,2,186,16.3,4,Healthy,99
2021-08-25 03:14:05.074844,Mall,9,1,199,8.3,4,Unhealthy,17
2021-08-26 03:14:05.074844,University,13,2,176,10.83,4,Unhealthy,28
2021-08-27 03:14:05.074844,Downtown,7,2,217,17.99,2,Unhealthy,14
2021-08-28 03:14:05.074844,Suburban,11,0,216,15.87,5,Healthy,34
2021-08-29 03:14:05.074844,Suburban,11,2,200,11.06,4,Healthy,75
2021-08-30 03:14:05.074844,Downtown,10,0,216,8.22,3,Healthy,57
2021-08-31 03:14:05.074844,Mall,13,3,188,10.34,3,Healthy,77
2021-09-01 03:14:05.074844,Suburban,14,4,213,9.26,2,Unhealthy,97
2021-09-02 03:14:05.074844,Suburban,9,4,194,7.64,2,Healthy,55
2021-09-03 03:14:05.074844,Suburban,8,3,202,16.15,4,Unhealthy,66
2021-09-04 03:14:05.074844,Downtown,11,3,225,8.78,4,Unhealthy,98
2021-09-05 03:14:05.074844,University,6,2,175,11.81,4,Unhealthy,93
2021-09-06 03:14:05.074844,Suburban,5,0,207,10.79,4,Healthy,37
2021-09-07 03:14:05.074844,University,8,2,198,19.73,4,Healthy,68
2021-09-08 03:14:05.074844,Mall,11,3,186,10.87,4,Unhealthy,76
2021-09-09 03:14:05.074844,Suburban,7,1,241,6.2,1,Healthy,26
2021-09-10 03:14:05.074844,Suburban,14,2,200,6.35,3,Healthy,61
2021-09-11 03:14:05.074844,Mall,11,1,202,13.86,4,Healthy,92
2021-09-12 03:14:05.074844,Suburban,9,1,183,13.99,1,Healthy,67
2021-09-13 03:14:05.074844,University,10,2,193,11.28,1,Unhealthy,84
2021-09-14 03:14:05.074844,Downtown,5,3,203,11.48,5,Healthy,74
2021-09-15 03:14:05.074844,University,7,2,211,5.81,4,Unhealthy,52
2021-09-16 03:14:05.074844,Downtown,8,0,194,12.75,3,Healthy,18
2021-09-17 03:14:05.074844,Downtown,12,3,189,12.57,4,Unhealthy,53
2021-09-18 03:14:05.074844,University,11,2,185,7.24,4,Unhealthy,63
2021-09-19 03:14:05.074844,University,12,2,183,6.56,3,Unhealthy,53
2021-09-20 03:14:05.074844,University,11,0,208,6.85,1,Healthy,27
2021-09-21 03:14:05.074844,University,10,4,195,6.52,5,Healthy,31
2021-09-22 03:14:05.074844,Mall,8,2,202,14.15,3,Healthy,91
2021-09-23 03:14:05.074844,Suburban,5,2,175,7.95,2,Unhealthy,1
2021-09-24 03:14:05.074844,Downtown,12,1,175,8.77,4,Unhealthy,6
2021-09-25 03:14:05.074844,University,12,2,224,7.6,4,Unhealthy,11
2021-09-26 03:14:05.074844,University,13,2,195,19.37,3,Healthy,34
2021-09-27 03:14:05.074844,University,8,2,219,17.82,3,Unhealthy,84
2021-09-28 03:14:05.074844,Mall,9,4,210,8.46,3,Healthy,63
2021-09-29 03:14:05.074844,University,15,0,207,9.91,5,Unhealthy,53
2021-09-30 03:14:05.074844,University,17,1,199,8.15,3,Healthy,85
2021-10-01 03:14:05.074844,University,7,4,186,12.38,4,Unhealthy,85
2021-10-02 03:14:05.074844,Suburban,14,0,198,5.29,5,Healthy,18
2021-10-03 03:14:05.074844,Mall,13,0,195,15.07,2,Healthy,21
2021-10-04 03:14:05.074844,University,7,3,211,12.85,5,Unhealthy,19
2021-10-05 03:14:05.074844,Downtown,16,0,180,18.48,5,Healthy,4
2021-10-06 03:14:05.074844,Downtown,7,1,224,7.47,5,Unhealthy,77
2021-10-07 03:14:05.074844,Downtown,15,0,201,17.06,3,Unhealthy,82
2021-10-08 03:14:05.074844,Mall,12,1,194,16.88,4,Unhealthy,29
2021-10-09 03:14:05.074844,Mall,16,2,201,6.91,4,Healthy,25
2021-10-10 03:14:05.074844,Downtown,8,2,181,10.98,5,Healthy,56
2021-10-11 03:14:05.074844,University,7,1,228,7.55,3,Unhealthy,77
2021-10-12 03:14:05.074844,Mall,8,2,218,8.82,4,Healthy,63
2021-10-13 03:14:05.074844,Downtown,4,3,189,8.95,3,Unhealthy,27
2021-10-14 03:14:05.074844,Downtown,10,0,179,13.34,3,Healthy,60
2021-10-15 03:14:05.074844,University,8,3,186,11.17,3,Healthy,83
2021-10-16 03:14:05.074844,Suburban,14,1,200,19.22,4,Healthy,49
2021-10-17 03:14:05.074844,Mall,7,4,180,6.9,4,Healthy,65
2021-10-18 03:14:05.074844,University,14,5,199,19.61,4,Healthy,38
2021-10-19 03:14:05.074844,Downtown,14,1,215,8.46,5,Unhealthy,83
2021-10-20 03:14:05.074844,Downtown,16,1,214,16.59,3,Unhealthy,52
2021-10-21 03:14:05.074844,University,13,4,202,10.08,4,Healthy,1
2021-10-22 03:14:05.074844,Mall,10,1,196,7.15,3,Unhealthy,40
2021-10-23 03:14:05.074844,Suburban,13,1,207,17.87,3,Unhealthy,81
2021-10-24 03:14:05.074844,Suburban,9,3,206,9.63,4,Unhealthy,21
2021-10-25 03:14:05.074844,Downtown,7,2,222,14.88,5,Unhealthy,86
2021-10-26 03:14:05.074844,Mall,8,0,176,13.5,4,Unhealthy,15
2021-10-27 03:14:05.074844,Suburban,8,1,211,12.08,4,Healthy,50
2021-10-28 03:14:05.074844,Mall,2,2,200,12.44,2,Healthy,48
2021-10-29 03:14:05.074844,Mall,9,1,190,15.98,3,Healthy,32
2021-10-30 03:14:05.074844,Downtown,13,4,221,6.32,4,Unhealthy,49
2021-10-31 03:14:05.074844,Suburban,9,3,208,15.02,1,Healthy,68
2021-11-01 03:14:05.074844,University,17,0,177,18.44,3,Unhealthy,45
2021-11-02 03:14:05.074844,Downtown,11,2,192,5.87,4,Healthy,32
2021-11-03 03:14:05.074844,Suburban,16,4,189,7.11,1,Unhealthy,4
2021-11-04 03:14:05.074844,Suburban,11,2,189,15.75,3,Healthy,65
2021-11-05 03:14:05.074844,Suburban,7,1,182,11.56,4,Healthy,97
2021-11-06 03:14:05.074844,Suburban,7,2,203,11.05,4,Healthy,71
2021-11-07 03:14:05.074844,Suburban,13,2,194,7.05,5,Healthy,73
2021-11-08 03:14:05.074844,Mall,9,2,221,12.6,4,Healthy,65
2021-11-09 03:14:05.074844,Downtown,12,1,193,6.9,3,Unhealthy,80
2021-11-10 03:14:05.074844,Mall,13,0,183,12.15,5,Healthy,18
2021-11-11 03:14:05.074844,University,7,3,194,16.45,4,Healthy,54
2021-11-12 03:14:05.074844,Suburban,11,6,189,8.87,3,Unhealthy,47
2021-11-13 03:14:05.074844,Downtown,8,1,182,12.21,2,Healthy,6
2021-11-14 03:14:05.074844,Suburban,11,2,205,19.88,4,Unhealthy,66
2021-11-15 03:14:05.074844,Downtown,5,2,202,15.3,4,Unhealthy,9
2021-11-16 03:14:05.074844,Mall,9,2,206,17.62,4,Healthy,68
2021-11-17 03:14:05.074844,Downtown,12,2,218,11.22,4,Healthy,23
2021-11-18 03:14:05.074844,University,5,2,208,16.52,4,Healthy,43
2021-11-19 03:14:05.074844,University,12,1,195,5.61,5,Unhealthy,51
2021-11-20 03:14:05.074844,Downtown,14,4,202,6.84,4,Unhealthy,72
2021-11-21 03:14:05.074844,Downtown,10,3,213,8.05,2,Unhealthy,25
2021-11-22 03:14:05.074844,Downtown,13,0,207,11.03,4,Unhealthy,80
2021-11-23 03:14:05.074844,Downtown,12,2,202,17.69,3,Healthy,35
2021-11-24 03:14:05.074844,University,8,2,207,10.19,4,Unhealthy,17
2021-11-25 03:14:05.074844,Suburban,13,3,214,14.82,5,Unhealthy,18
2021-11-26 03:14:05.074844,Downtown,12,1,203,15.64,4,Unhealthy,27
2021-11-27 03:14:05.074844,Downtown,11,2,195,13.79,4,Unhealthy,15
2021-11-28 03:14:05.074844,University,14,0,198,10.36,4,Unhealthy,81
2021-11-29 03:14:05.074844,University,13,3,226,13.66,3,Healthy,69
2021-11-30 03:14:05.074844,Mall,8,3,207,10.13,3,Healthy,80
2021-12-01 03:14:05.074844,Downtown,14,2,178,6.26,4,Healthy,15
2021-12-02 03:14:05.074844,Mall,11,0,209,19.89,4,Healthy,42
2021-12-03 03:14:05.074844,University,11,3,217,6.91,4,Unhealthy,34
2021-12-04 03:14:05.074844,University,13,2,177,6.09,3,Healthy,48
2021-12-05 03:14:05.074844,Suburban,13,4,188,18.18,4,Unhealthy,83
2021-12-06 03:14:05.074844,Downtown,18,1,212,9.53,4,Unhealthy,8
2021-12-07 03:14:05.074844,Mall,12,3,215,14.75,4,Healthy,10
2021-12-08 03:14:05.074844,University,8,2,204,9.94,4,Unhealthy,5
2021-12-09 03:14:05.074844,University,4,4,193,10.87,4,Unhealthy,48
2021-12-10 03:14:05.074844,Mall,8,0,198,8.93,4,Unhealthy,26
2021-12-11 03:14:05.074844,Suburban,12,2,227,10.15,3,Healthy,86
2021-12-12 03:14:05.074844,University,13,1,184,11.16,5,Healthy,23
2021-12-13 03:14:05.074844,Downtown,10,1,230,15.81,3,Healthy,62
2021-12-14 03:14:05.074844,University,12,1,185,12.67,5,Healthy,13
2021-12-15 03:14:05.074844,Downtown,9,0,203,19.15,2,Unhealthy,9
2021-12-16 03:14:05.074844,Mall,12,1,207,5.63,1,Unhealthy,20
2021-12-17 03:14:05.074844,Downtown,5,2,191,12.55,5,Unhealthy,92
2021-12-18 03:14:05.074844,Mall,11,3,192,13.76,3,Unhealthy,57
2021-12-19 03:14:05.074844,Downtown,17,5,216,18.8,4,Unhealthy,24
2021-12-20 03:14:05.074844,Mall,9,3,191,5.74,4,Healthy,33
2021-12-21 03:14:05.074844,Downtown,9,2,184,13.6,5,Unhealthy,20
2021-12-22 03:14:05.074844,Suburban,15,4,219,17.8,5,Healthy,60
2021-12-23 03:14:05.074844,Downtown,7,3,180,8.63,3,Unhealthy,48
2021-12-24 03:14:05.074844,Downtown,11,2,206,18.14,4,Healthy,64
2021-12-25 03:14:05.074844,Suburban,14,1,197,5.29,2,Healthy,30
2021-12-26 03:14:05.074844,University,19,1,210,15.99,3,Unhealthy,73
2021-12-27 03:14:05.074844,University,13,4,194,19.0,4,Unhealthy,17
2021-12-28 03:14:05.074844,Downtown,6,5,200,14.86,3,Unhealthy,100
2021-12-29 03:14:05.074844,Suburban,15,1,210,11.59,4,Unhealthy,14
2021-12-30 03:14:05.074844,Downtown,13,3,228,5.67,4,Healthy,19
2021-12-31 03:14:05.074844,Mall,5,2,217,18.8,4,Unhealthy,71
2022-01-01 03:14:05.074844,Mall,12,1,215,12.05,5,Healthy,59
2022-01-02 03:14:05.074844,Downtown,7,2,196,5.43,2,Unhealthy,67
2022-01-03 03:14:05.074844,University,4,1,199,15.35,4,Unhealthy,97
2022-01-04 03:14:05.074844,University,8,2,237,12.23,5,Healthy,44
2022-01-05 03:14:05.074844,Downtown,8,1,178,6.87,4,Unhealthy,32
2022-01-06 03:14:05.074844,Downtown,9,0,170,8.21,2,Unhealthy,11
2022-01-07 03:14:05.074844,Mall,11,2,187,5.97,4,Healthy,2
2022-01-08 03:14:05.074844,University,13,1,197,13.61,3,Unhealthy,90
2022-01-09 03:14:05.074844,Downtown,10,2,210,14.33,3,Unhealthy,68
2022-01-10 03:14:05.074844,Mall,6,3,193,12.59,4,Unhealthy,17
2022-01-11 03:14:05.074844,University,11,0,212,17.26,4,Healthy,81
2022-01-12 03:14:05.074844,Suburban,11,0,199,17.92,5,Healthy,92
2022-01-13 03:14:05.074844,Mall,8,2,217,14.23,4,Unhealthy,94
2022-01-14 03:14:05.074844,University,5,1,199,5.19,4,Healthy,40
2022-01-15 03:14:05.074844,University,9,2,187,15.43,1,Unhealthy,87
2022-01-16 03:14:05.074844,Mall,11,3,186,11.27,3,Healthy,46
2022-01-17 03:14:05.074844,Suburban,13,2,207,13.48,3,Unhealthy,88
2022-01-18 03:14:05.074844,Mall,6,3,227,14.74,5,Unhealthy,93
2022-01-19 03:14:05.074844,University,11,3,200,10.25,3,Healthy,4
2022-01-20 03:14:05.074844,Downtown,8,3,222,18.76,3,Healthy,38
2022-01-21 03:14:05.074844,Downtown,10,2,194,7.01,4,Unhealthy,63
2022-01-22 03:14:05.074844,Mall,9,0,223,15.07,3,Unhealthy,29
2022-01-23 03:14:05.074844,University,10,2,181,5.07,3,Healthy,19
2022-01-24 03:14:05.074844,Downtown,5,2,223,18.87,4,Unhealthy,91
2022-01-25 03:14:05.074844,University,7,2,197,6.69,2,Healthy,29
2022-01-26 03:14:05.074844,Mall,14,3,204,6.42,2,Healthy,100
2022-01-27 03:14:05.074844,Downtown,7,1,223,10.0,3,Unhealthy,35
2022-01-28 03:14:05.074844,University,11,2,205,10.6,4,Healthy,70
2022-01-29 03:14:05.074844,Downtown,10,0,223,8.21,4,Unhealthy,23
2022-01-30 03:14:05.074844,Mall,7,0,235,13.78,3,Healthy,46
2022-01-31 03:14:05.074844,University,4,2,201,11.64,4,Healthy,44
2022-02-01 03:14:05.074844,Downtown,7,3,196,5.51,3,Healthy,48
2022-02-02 03:14:05.074844,Mall,12,1,203,9.79,5,Unhealthy,52
2022-02-03 03:14:05.074844,Downtown,8,1,200,17.16,2,Unhealthy,8
2022-02-04 03:14:05.074844,Downtown,14,4,205,15.35,4,Unhealthy,55
2022-02-05 03:14:05.074844,Suburban,9,1,217,15.87,5,Healthy,66
2022-02-06 03:14:05.074844,Suburban,10,2,186,15.47,4,Healthy,77
2022-02-07 03:14:05.074844,Mall,15,0,212,9.66,3,Unhealthy,40
2022-02-08 03:14:05.074844,Suburban,8,4,212,6.49,3,Healthy,85
2022-02-09 03:14:05.074844,Mall,15,3,192,9.09,4,Unhealthy,31
2022-02-10 03:14:05.074844,Suburban,11,2,187,17.48,2,Healthy,48
2022-02-11 03:14:05.074844,Downtown,12,2,183,19.71,4,Unhealthy,100
2022-02-12 03:14:05.074844,Mall,6,3,198,12.41,4,Healthy,61
2022-02-13 03:14:05.074844,Mall,20,3,226,5.15,4,Unhealthy,52
2022-02-14 03:14:05.074844,Downtown,14,1,200,7.1,2,Healthy,38
2022-02-15 03:14:05.074844,Mall,9,3,214,9.83,4,Healthy,91
2022-02-16 03:14:05.074844,Mall,9,3,192,13.68,4,Healthy,36
2022-02-17 03:14:05.074844,Suburban,6,0,188,6.13,4,Healthy,87
2022-02-18 03:14:05.074844,Mall,19,4,190,19.15,1,Healthy,55
2022-02-19 03:14:05.074844,University,11,4,188,10.48,1,Unhealthy,85
2022-02-20 03:14:05.074844,Downtown,13,2,217,18.69,3,Unhealthy,13
2022-02-21 03:14:05.074844,Suburban,19,2,197,16.71,2,Unhealthy,37
2022-02-22 03:14:05.074844,Suburban,7,2,186,16.33,4,Unhealthy,47
2022-02-23 03:14:05.074844,University,6,0,191,14.1,5,Unhealthy,90
2022-02-24 03:14:05.074844,Downtown,8,2,195,14.4,3,Healthy,71
2022-02-25 03:14:05.074844,Downtown,9,2,205,14.57,4,Healthy,22
2022-02-26 03:14:05.074844,Suburban,11,3,227,14.43,1,Healthy,39
2022-02-27 03:14:05.074844,Mall,6,0,187,13.31,3,Unhealthy,87
2022-02-28 03:14:05.074844,Suburban,12,1,205,19.8,1,Healthy,58
2022-03-01 03:14:05.074844,Downtown,7,3,196,15.98,3,Healthy,30
2022-03-02 03:14:05.074844,University,8,3,208,16.65,5,Unhealthy,18
2022-03-03 03:14:05.074844,Suburban,2,4,192,18.09,2,Healthy,18
2022-03-04 03:14:05.074844,Downtown,8,0,197,8.23,4,Unhealthy,74
2022-03-05 03:14:05.074844,Suburban,2,3,231,6.26,4,Unhealthy,39
2022-03-06 03:14:05.074844,Mall,11,1,192,12.24,5,Healthy,94
2022-03-07 03:14:05.074844,Suburban,9,2,200,12.71,2,Healthy,26
2022-03-08 03:14:05.074844,Suburban,10,5,214,17.44,3,Healthy,71
2022-03-09 03:14:05.074844,Downtown,6,0,207,11.66,1,Unhealthy,7
2022-03-10 03:14:05.074844,Downtown,8,1,203,13.56,3,Healthy,69
2022-03-11 03:14:05.074844,Downtown,7,3,182,12.91,3,Unhealthy,65
2022-03-12 03:14:05.074844,Suburban,19,3,220,5.57,5,Unhealthy,46
2022-03-13 03:14:05.074844,Mall,12,1,211,14.23,4,Healthy,18
2022-03-14 03:14:05.074844,University,14,0,198,17.42,4,Healthy,13
2022-03-15 03:14:05.074844,University,10,3,215,7.36,4,Unhealthy,25
2022-03-16 03:14:05.074844,Downtown,14,3,202,13.91,2,Healthy,8
2022-03-17 03:14:05.074844,Downtown,12,0,201,13.9,3,Unhealthy,74
2022-03-18 03:14:05.074844,Suburban,7,2,233,7.46,5,Healthy,32
2022-03-19 03:14:05.074844,University,9,0,191,6.85,4,Unhealthy,17
2022-03-20 03:14:05.074844,Downtown,5,4,216,19.7,5,Unhealthy,79
2022-03-21 03:14:05.074844,Mall,11,0,207,10.91,4,Unhealthy,79
2022-03-22 03:14:05.074844,Mall,14,2,186,8.41,2,Healthy,48
2022-03-23 03:14:05.074844,Downtown,8,1,171,7.57,3,Healthy,63
2022-03-24 03:14:05.074844,Downtown,13,0,202,15.01,1,Unhealthy,40
2022-03-25 03:14:05.074844,University,13,1,211,14.14,3,Healthy,84
2022-03-26 03:14:05.074844,University,10,2,212,14.65,2,Healthy,15
2022-03-27 03:14:05.074844,Suburban,8,5,186,6.32,4,Unhealthy,99
2022-03-28 03:14:05.074844,University,9,1,227,18.4,4,Healthy,6
2022-03-29 03:14:05.074844,Mall,9,3,216,10.84,5,Healthy,94
2022-03-30 03:14:05.074844,Mall,7,1,197,9.7,4,Healthy,63
2022-03-31 03:14:05.074844,Downtown,7,5,184,11.94,5,Unhealthy,8
2022-04-01 03:14:05.074844,University,11,2,231,10.85,2,Unhealthy,95
2022-04-02 03:14:05.074844,Suburban,11,0,189,17.95,1,Healthy,32
2022-04-03 03:14:05.074844,Mall,9,1,226,18.94,4,Healthy,45
2022-04-04 03:14:05.074844,Mall,10,2,207,9.55,3,Healthy,52
2022-04-05 03:14:05.074844,Suburban,9,0,194,17.96,3,Unhealthy,79
2022-04-06 03:14:05.074844,Suburban,11,1,163,16.72,3,Healthy,82
2022-04-07 03:14:05.074844,Mall,11,3,215,18.96,3,Unhealthy,13
2022-04-08 03:14:05.074844,Mall,13,0,194,8.69,4,Healthy,24
2022-04-09 03:14:05.074844,Suburban,17,0,201,13.65,3,Unhealthy,40
2022-04-10 03:14:05.074844,Mall,7,2,189,9.12,4,Healthy,14
2022-04-11 03:14:05.074844,Downtown,8,2,189,17.36,4,Unhealthy,92
2022-04-12 03:14:05.074844,Downtown,10,2,190,5.08,3,Healthy,75
2022-04-13 03:14:05.074844,Suburban,8,4,200,13.47,3,Healthy,70
2022-04-14 03:14:05.074844,University,13,3,189,10.09,3,Unhealthy,62
2022-04-15 03:14:05.074844,Suburban,8,1,194,9.84,3,Unhealthy,89
2022-04-16 03:14:05.074844,Suburban,12,3,202,14.67,4,Healthy,61
2022-04-17 03:14:05.074844,University,9,1,204,17.77,4,Unhealthy,1
2022-04-18 03:14:05.074844,University,7,3,195,14.14,4,Unhealthy,89
2022-04-19 03:14:05.074844,University,7,3,207,17.8,3,Unhealthy,66
2022-04-20 03:14:05.074844,Downtown,12,2,203,8.97,4,Healthy,32
2022-04-21 03:14:05.074844,Mall,11,3,198,12.79,4,Unhealthy,13
2022-04-22 03:14:05.074844,Downtown,18,2,190,11.76,4,Healthy,33
2022-04-23 03:14:05.074844,Mall,13,3,201,5.17,4,Healthy,32
2022-04-24 03:14:05.074844,Downtown,17,1,213,13.35,4,Unhealthy,56
2022-04-25 03:14:05.074844,Mall,7,3,206,14.92,4,Healthy,24
2022-04-26 03:14:05.074844,Downtown,11,2,227,13.88,4,Healthy,91
2022-04-27 03:14:05.074844,University,8,4,210,16.04,2,Unhealthy,4
2022-04-28 03:14:05.074844,Suburban,13,3,187,13.57,4,Unhealthy,88
2022-04-29 03:14:05.074844,Downtown,13,1,219,6.0,2,Healthy,23
2022-04-30 03:14:05.074844,Mall,12,1,226,6.75,2,Healthy,29
2022-05-01 03:14:05.074844,University,11,2,200,13.95,5,Unhealthy,98
2022-05-02 03:14:05.074844,Downtown,11,4,214,9.12,5,Healthy,21
2022-05-03 03:14:05.074844,Downtown,7,2,221,6.19,2,Unhealthy,30
2022-05-04 03:14:05.074844,University,11,3,230,11.44,3,Unhealthy,90
2022-05-05 03:14:05.074844,Downtown,7,1,207,13.31,3,Healthy,20
2022-05-06 03:14:05.074844,Suburban,11,2,182,9.93,4,Unhealthy,16
2022-05-07 03:14:05.074844,Downtown,12,4,183,15.81,4,Unhealthy,67
2022-05-08 03:14:05.074844,Suburban,9,4,194,14.66,5,Healthy,49
2022-05-09 03:14:05.074844,Suburban,6,1,205,9.99,4,Unhealthy,58
2022-05-10 03:14:05.074844,University,12,3,200,16.32,3,Unhealthy,44
2022-05-11 03:14:05.074844,Downtown,8,0,203,14.73,4,Unhealthy,25
2022-05-12 03:14:05.074844,University,7,2,202,14.56,3,Unhealthy,23
2022-05-13 03:14:05.074844,Downtown,7,5,193,13.3,5,Healthy,59
2022-05-14 03:14:05.074844,Downtown,4,1,197,5.17,5,Healthy,1
2022-05-15 03:14:05.074844,Mall,7,2,206,15.45,4,Healthy,97
2022-05-16 03:14:05.074844,Downtown,14,2,206,10.64,3,Healthy,15
2022-05-17 03:14:05.074844,University,10,0,192,19.14,3,Healthy,81
2022-05-18 03:14:05.074844,Suburban,8,3,208,17.27,1,Unhealthy,98
2022-05-19 03:14:05.074844,Downtown,10,1,194,13.82,4,Unhealthy,81
2022-05-20 03:14:05.074844,Mall,10,4,216,8.78,4,Unhealthy,52
2022-05-21 03:14:05.074844,University,7,5,188,8.06,3,Unhealthy,58
2022-05-22 03:14:05.074844,Downtown,5,3,190,10.11,4,Unhealthy,41
2022-05-23 03:14:05.074844,University,13,2,219,12.15,4,Healthy,44
2022-05-24 03:14:05.074844,Mall,16,0,209,9.44,2,Unhealthy,4
2022-05-25 03:14:05.074844,Mall,9,3,196,12.72,5,Healthy,77
2022-05-26 03:14:05.074844,University,10,1,201,7.48,5,Unhealthy,68
2022-05-27 03:14:05.074844,Downtown,10,1,214,19.67,5,Unhealthy,7
2022-05-28 03:14:05.074844,Suburban,5,1,208,6.62,3,Healthy,46
2022-05-29 03:14:05.074844,Mall,6,1,222,18.98,3,Unhealthy,9
2022-05-30 03:14:05.074844,Downtown,8,2,201,18.7,3,Unhealthy,87
2022-05-31 03:14:05.074844,Downtown,10,2,196,12.88,3,Healthy,33
2022-06-01 03:14:05.074844,Suburban,9,1,174,15.87,3,Unhealthy,33
2022-06-02 03:14:05.074844,Mall,11,0,193,11.54,4,Healthy,84
2022-06-03 03:14:05.074844,Mall,15,5,191,14.45,4,Healthy,4
2022-06-04 03:14:05.074844,Downtown,9,0,207,10.11,5,Unhealthy,65
2022-06-05 03:14:05.074844,Downtown,13,0,199,9.52,1,Unhealthy,34
2022-06-06 03:14:05.074844,Suburban,5,1,218,13.67,4,Unhealthy,91
2022-06-07 03:14:05.074844,Suburban,11,1,207,12.47,4,Unhealthy,85
2022-06-08 03:14:05.074844,Mall,6,3,230,13.69,4,Healthy,88
2022-06-09 03:14:05.074844,University,15,1,212,9.3,5,Unhealthy,79
2022-06-10 03:14:05.074844,Mall,11,0,227,10.5,4,Unhealthy,99
2022-06-11 03:14:05.074844,Downtown,6,1,211,6.26,5,Unhealthy,64
2022-06-12 03:14:05.074844,Mall,9,4,198,5.78,3,Healthy,25
2022-06-13 03:14:05.074844,University,9,2,212,8.8,4,Unhealthy,55
2022-06-14 03:14:05.074844,Suburban,18,0,190,6.11,1,Unhealthy,9
2022-06-15 03:14:05.074844,University,8,3,201,6.56,1,Unhealthy,17
2022-06-16 03:14:05.074844,University,9,1,192,17.19,3,Unhealthy,21
2022-06-17 03:14:05.074844,University,11,1,210,5.58,2,Healthy,60
2022-06-18 03:14:05.074844,Suburban,11,0,205,14.88,3,Unhealthy,13
2022-06-19 03:14:05.074844,University,6,3,209,9.09,3,Unhealthy,3
2022-06-20 03:14:05.074844,University,13,1,218,18.07,1,Healthy,68
2022-06-21 03:14:05.074844,University,6,0,190,12.27,5,Unhealthy,4
2022-06-22 03:14:05.074844,Downtown,8,2,199,9.58,1,Healthy,92
2022-06-23 03:14:05.074844,University,12,3,195,12.76,4,Healthy,7
2022-06-24 03:14:05.074844,Suburban,13,1,178,10.73,3,Unhealthy,26
2022-06-25 03:14:05.074844,University,8,5,187,13.46,5,Healthy,75
2022-06-26 03:14:05.074844,University,10,3,188,6.72,5,Healthy,24
2022-06-27 03:14:05.074844,Suburban,9,3,212,19.95,4,Unhealthy,10
2022-06-28 03:14:05.074844,University,9,4,188,11.38,4,Healthy,13
2022-06-29 03:14:05.074844,Suburban,13,1,204,10.22,1,Healthy,44
2022-06-30 03:14:05.074844,University,13,2,200,15.65,5,Healthy,39
2022-07-01 03:14:05.074844,Suburban,9,2,202,10.46,5,Healthy,19
2022-07-02 03:14:05.074844,University,13,2,200,17.5,5,Unhealthy,51
2022-07-03 03:14:05.074844,University,10,2,214,11.81,4,Unhealthy,19
2022-07-04 03:14:05.074844,Downtown,18,3,182,15.79,3,Unhealthy,76
2022-07-05 03:14:05.074844,Downtown,5,3,195,6.61,5,Unhealthy,52
2022-07-06 03:14:05.074844,University,9,2,201,17.69,3,Healthy,86
2022-07-07 03:14:05.074844,University,5,3,227,16.04,4,Unhealthy,47
2022-07-08 03:14:05.074844,Mall,6,1,189,8.18,2,Unhealthy,30
2022-07-09 03:14:05.074844,Suburban,12,3,195,7.18,5,Unhealthy,46
2022-07-10 03:14:05.074844,Mall,9,5,198,9.74,2,Unhealthy,76
2022-07-11 03:14:05.074844,Downtown,10,0,190,19.64,3,Unhealthy,93
2022-07-12 03:14:05.074844,Downtown,13,1,183,8.85,4,Unhealthy,21
2022-07-13 03:14:05.074844,Downtown,12,2,203,11.84,4,Healthy,75
2022-07-14 03:14:05.074844,Downtown,10,0,230,5.45,4,Unhealthy,48
2022-07-15 03:14:05.074844,University,11,2,182,10.96,3,Healthy,62
2022-07-16 03:14:05.074844,Downtown,4,0,217,13.57,1,Healthy,58
2022-07-17 03:14:05.074844,University,6,2,231,19.3,4,Healthy,18
2022-07-18 03:14:05.074844,University,10,1,166,12.75,5,Healthy,59
2022-07-19 03:14:05.074844,Downtown,2,3,193,17.29,4,Healthy,91
2022-07-20 03:14:05.074844,Downtown,12,2,205,13.21,4,Healthy,48
2022-07-21 03:14:05.074844,Suburban,4,5,207,5.61,5,Unhealthy,63
2022-07-22 03:14:05.074844,Mall,17,3,181,9.73,3,Unhealthy,12
2022-07-23 03:14:05.074844,Downtown,8,1,191,13.63,4,Unhealthy,87
2022-07-24 03:14:05.074844,Suburban,8,1,207,19.26,4,Healthy,34
2022-07-25 03:14:05.074844,Suburban,12,3,184,17.89,3,Unhealthy,61
2022-07-26 03:14:05.074844,Mall,6,0,190,8.43,4,Unhealthy,87
2022-07-27 03:14:05.074844,University,8,0,192,8.3,4,Healthy,53
2022-07-28 03:14:05.074844,Downtown,8,1,168,8.02,3,Unhealthy,25
2022-07-29 03:14:05.074844,Mall,11,1,209,18.84,3,Unhealthy,62
2022-07-30 03:14:05.074844,Downtown,7,2,189,17.79,1,Healthy,4
2022-07-31 03:14:05.074844,Suburban,11,4,207,16.62,4,Unhealthy,94
2022-08-01 03:14:05.074844,Suburban,11,2,214,10.89,3,Unhealthy,94
2022-08-02 03:14:05.074844,University,13,6,186,12.57,2,Healthy,13
2022-08-03 03:14:05.074844,Suburban,11,1,199,11.96,4,Healthy,42
2022-08-04 03:14:05.074844,Suburban,13,2,206,8.8,4,Healthy,49
2022-08-05 03:14:05.074844,Mall,6,1,197,12.58,4,Healthy,78
2022-08-06 03:14:05.074844,Downtown,16,3,192,5.46,4,Unhealthy,56
2022-08-07 03:14:05.074844,Downtown,9,3,211,6.98,5,Unhealthy,47
2022-08-08 03:14:05.074844,Mall,9,2,203,18.3,5,Healthy,8
2022-08-09 03:14:05.074844,University,16,4,182,16.28,4,Unhealthy,55
2022-08-10 03:14:05.074844,Downtown,6,2,187,11.34,4,Healthy,88
2022-08-11 03:14:05.074844,Suburban,14,3,202,12.76,3,Healthy,18
2022-08-12 03:14:05.074844,Downtown,8,2,209,10.55,5,Healthy,35
2022-08-13 03:14:05.074844,Suburban,15,2,179,16.11,3,Unhealthy,89
2022-08-14 03:14:05.074844,University,13,1,184,16.76,3,Healthy,81
2022-08-15 03:14:05.074844,Mall,13,3,194,16.45,3,Healthy,32
2022-08-16 03:14:05.074844,Downtown,6,3,181,15.84,2,Healthy,24
2022-08-17 03:14:05.074844,Mall,6,2,190,8.07,5,Unhealthy,7
2022-08-18 03:14:05.074844,Downtown,13,0,216,10.07,4,Unhealthy,13
2022-08-19 03:14:05.074844,Suburban,10,1,213,12.05,4,Healthy,91
2022-08-20 03:14:05.074844,Mall,12,1,192,9.96,4,Healthy,69
2022-08-21 03:14:05.074844,Downtown,11,5,198,16.32,4,Unhealthy,100
2022-08-22 03:14:05.074844,Suburban,8,1,189,9.94,1,Unhealthy,90
2022-08-23 03:14:05.074844,Mall,11,3,199,7.07,4,Healthy,42
2022-08-24 03:14:05.074844,Mall,6,2,173,10.99,4,Unhealthy,31
2022-08-25 03:14:05.074844,Downtown,5,3,187,19.7,3,Unhealthy,74
2022-08-26 03:14:05.074844,Downtown,13,4,186,8.39,4,Healthy,26
2022-08-27 03:14:05.074844,Downtown,10,3,187,14.18,3,Unhealthy,86
2022-08-28 03:14:05.074844,Suburban,11,3,229,11.49,3,Unhealthy,76
2022-08-29 03:14:05.074844,Downtown,9,2,194,6.07,3,Unhealthy,32
2022-08-30 03:14:05.074844,Mall,10,3,168,12.32,3,Healthy,91
2022-08-31 03:14:05.074844,Mall,13,2,206,15.53,4,Healthy,97
2022-09-01 03:14:05.074844,Downtown,12,2,230,12.7,4,Healthy,52
2022-09-02 03:14:05.074844,Downtown,18,5,208,18.08,3,Healthy,20
2022-09-03 03:14:05.074844,University,8,4,200,9.33,4,Unhealthy,40
2022-09-04 03:14:05.074844,Mall,8,1,198,6.29,4,Unhealthy,59
2022-09-05 03:14:05.074844,Suburban,9,2,193,19.05,3,Unhealthy,77
2022-09-06 03:14:05.074844,University,14,3,200,10.67,3,Unhealthy,14
2022-09-07 03:14:05.074844,Downtown,9,2,184,13.65,5,Healthy,44
2022-09-08 03:14:05.074844,Downtown,12,2,186,16.88,4,Unhealthy,86
2022-09-09 03:14:05.074844,Mall,11,0,209,9.86,5,Unhealthy,82
2022-09-10 03:14:05.074844,Downtown,13,3,202,15.74,3,Healthy,48
2022-09-11 03:14:05.074844,Suburban,11,2,199,7.03,4,Unhealthy,93
2022-09-12 03:14:05.074844,Mall,11,3,200,9.37,3,Healthy,43
2022-09-13 03:14:05.074844,Downtown,11,2,186,7.17,3,Unhealthy,16
2022-09-14 03:14:05.074844,Mall,11,3,207,17.17,4,Unhealthy,35
2022-09-15 03:14:05.074844,Downtown,8,2,178,8.34,3,Healthy,53
2022-09-16 03:14:05.074844,Downtown,10,2,181,15.76,3,Unhealthy,34
2022-09-17 03:14:05.074844,Downtown,4,2,201,19.15,3,Unhealthy,3
2022-09-18 03:14:05.074844,Suburban,13,3,204,12.92,1,Healthy,68
2022-09-19 03:14:05.074844,Suburban,9,2,197,13.1,4,Healthy,5
2022-09-20 03:14:05.074844,Mall,8,1,208,11.92,4,Healthy,10
2022-09-21 03:14:05.074844,Downtown,5,1,191,9.89,2,Unhealthy,52
2022-09-22 03:14:05.074844,Downtown,11,3,206,12.13,3,Unhealthy,29
2022-09-23 03:14:05.074844,Suburban,11,0,214,14.04,2,Unhealthy,96
2022-09-24 03:14:05.074844,Downtown,11,0,190,19.79,4,Unhealthy,31
2022-09-25 03:14:05.074844,Suburban,5,3,184,19.07,2,Unhealthy,66
2022-09-26 03:14:05.074844,Downtown,14,2,208,17.93,4,Healthy,76
2022-09-27 03:14:05.074844,Mall,11,2,173,18.34,1,Unhealthy,91
2022-09-28 03:14:05.074844,Downtown,7,0,203,12.02,3,Healthy,69
2022-09-29 03:14:05.074844,Downtown,8,2,194,14.86,5,Healthy,37
2022-09-30 03:14:05.074844,University,8,1,185,18.43,4,Unhealthy,27
2022-10-01 03:14:05.074844,Suburban,7,2,197,10.89,2,Healthy,87
2022-10-02 03:14:05.074844,Downtown,7,3,189,19.43,4,Unhealthy,33
2022-10-03 03:14:05.074844,Downtown,10,1,199,11.24,4,Unhealthy,68
2022-10-04 03:14:05.074844,University,6,5,192,14.02,4,Healthy,59
2022-10-05 03:14:05.074844,University,12,1,177,15.65,4,Healthy,64
2022-10-06 03:14:05.074844,Suburban,9,2,186,19.26,4,Unhealthy,85
2022-10-07 03:14:05.074844,University,13,2,195,8.67,5,Unhealthy,88
2022-10-08 03:14:05.074844,Mall,11,1,199,16.19,3,Healthy,44
2022-10-09 03:14:05.074844,University,17,3,179,12.81,4,Healthy,95
2022-10-10 03:14:05.074844,Mall,3,1,207,9.03,4,Unhealthy,88
2022-10-11 03:14:05.074844,Suburban,8,1,191,16.65,1,Unhealthy,49
2022-10-12 03:14:05.074844,Suburban,15,1,186,13.28,1,Healthy,53
2022-10-13 03:14:05.074844,Suburban,8,1,187,14.91,2,Healthy,74
2022-10-14 03:14:05.074844,Suburban,9,4,190,9.84,4,Unhealthy,49
2022-10-15 03:14:05.074844,Suburban,4,0,206,12.22,4,Unhealthy,66
2022-10-16 03:14:05.074844,Mall,15,1,182,14.26,4,Unhealthy,95
2022-10-17 03:14:05.074844,Mall,10,1,193,11.07,1,Unhealthy,63
2022-10-18 03:14:05.074844,Suburban,18,1,202,7.98,4,Unhealthy,25
2022-10-19 03:14:05.074844,University,16,1,206,19.42,5,Healthy,4
2022-10-20 03:14:05.074844,Downtown,9,1,201,12.67,3,Unhealthy,51
2022-10-21 03:14:05.074844,Suburban,7,0,190,16.01,4,Healthy,11
2022-10-22 03:14:05.074844,University,7,3,204,11.17,4,Unhealthy,17
2022-10-23 03:14:05.074844,Downtown,11,0,188,10.33,4,Healthy,66
2022-10-24 03:14:05.074844,Suburban,5,3,199,11.11,4,Healthy,70
2022-10-25 03:14:05.074844,Suburban,7,1,223,11.14,5,Unhealthy,73
2022-10-26 03:14:05.074844,Mall,14,6,195,13.16,3,Unhealthy,69
2022-10-27 03:14:05.074844,Downtown,10,1,216,13.15,5,Healthy,84
2022-10-28 03:14:05.074844,Downtown,10,2,205,12.46,3,Unhealthy,29
2022-10-29 03:14:05.074844,University,10,1,215,7.02,3,Healthy,85
2022-10-30 03:14:05.074844,Mall,10,1,218,12.44,2,Healthy,73
2022-10-31 03:14:05.074844,Mall,11,4,196,7.54,4,Unhealthy,92
2022-11-01 03:14:05.074844,Mall,4,1,207,6.89,3,Healthy,72
2022-11-02 03:14:05.074844,Mall,13,2,219,18.99,3,Unhealthy,95
2022-11-03 03:14:05.074844,Downtown,7,3,193,14.07,3,Healthy,20
2022-11-04 03:14:05.074844,Downtown,6,0,197,14.89,5,Unhealthy,27
2022-11-05 03:14:05.074844,Suburban,13,1,196,11.03,4,Unhealthy,8
2022-11-06 03:14:05.074844,Suburban,7,1,197,18.63,4,Healthy,85
2022-11-07 03:14:05.074844,Mall,10,1,204,14.57,4,Healthy,61
2022-11-08 03:14:05.074844,Mall,10,3,179,16.54,4,Unhealthy,28
2022-11-09 03:14:05.074844,Mall,5,1,193,10.53,3,Unhealthy,87
2022-11-10 03:14:05.074844,Suburban,13,2,218,19.4,5,Healthy,70
2022-11-11 03:14:05.074844,University,7,3,174,17.31,2,Unhealthy,3
2022-11-12 03:14:05.074844,University,8,1,187,17.81,3,Healthy,69
2022-11-13 03:14:05.074844,Suburban,11,2,202,7.58,3,Healthy,73
2022-11-14 03:14:05.074844,Suburban,13,3,181,9.06,4,Healthy,7
2022-11-15 03:14:05.074844,Suburban,15,1,202,9.28,4,Healthy,60
2022-11-16 03:14:05.074844,Suburban,6,2,196,9.06,4,Unhealthy,4
2022-11-17 03:14:05.074844,Suburban,13,3,204,17.83,2,Unhealthy,5
2022-11-18 03:14:05.074844,Suburban,6,2,204,5.48,4,Unhealthy,11
2022-11-19 03:14:05.074844,Mall,7,0,191,6.14,3,Unhealthy,15
2022-11-20 03:14:05.074844,Mall,11,3,213,9.11,3,Unhealthy,64
2022-11-21 03:14:05.074844,Mall,9,2,195,8.0,2,Unhealthy,98
2022-11-22 03:14:05.074844,Mall,5,2,202,8.48,4,Unhealthy,13
2022-11-23 03:14:05.074844,Suburban,13,0,194,16.97,3,Unhealthy,7
2022-11-24 03:14:05.074844,University,19,1,203,13.45,4,Unhealthy,6
2022-11-25 03:14:05.074844,Downtown,11,0,206,5.09,4,Healthy,56
2022-11-26 03:14:05.074844,Suburban,14,1,176,11.44,4,Unhealthy,64
2022-11-27 03:14:05.074844,Downtown,6,1,188,11.12,4,Unhealthy,50
2022-11-28 03:14:05.074844,University,11,2,216,6.71,3,Unhealthy,30
2022-11-29 03:14:05.074844,Mall,7,3,213,15.14,3,Unhealthy,22
2022-11-30 03:14:05.074844,University,13,3,196,15.53,4,Unhealthy,25
2022-12-01 03:14:05.074844,Suburban,12,2,186,15.81,4,Unhealthy,28
2022-12-02 03:14:05.074844,Mall,10,2,184,15.93,4,Healthy,84
2022-12-03 03:14:05.074844,Suburban,10,4,212,5.0,5,Unhealthy,39
2022-12-04 03:14:05.074844,Mall,10,1,215,19.31,3,Healthy,67
2022-12-05 03:14:05.074844,Downtown,8,3,230,17.21,2,Unhealthy,5
2022-12-06 03:14:05.074844,Downtown,5,3,207,18.56,4,Unhealthy,65
2022-12-07 03:14:05.074844,Downtown,6,4,205,5.23,3,Healthy,15
2022-12-08 03:14:05.074844,University,9,2,186,19.01,1,Healthy,90
2022-12-09 03:14:05.074844,Suburban,11,4,201,17.15,5,Unhealthy,67
2022-12-10 03:14:05.074844,University,8,3,210,17.56,3,Healthy,40
2022-12-11 03:14:05.074844,Downtown,11,2,180,6.4,5,Healthy,98
2022-12-12 03:14:05.074844,Suburban,12,3,200,16.08,4,Unhealthy,69
2022-12-13 03:14:05.074844,Downtown,12,2,224,19.4,4,Healthy,95
2022-12-14 03:14:05.074844,University,8,2,215,15.18,3,Healthy,77
2022-12-15 03:14:05.074844,University,12,4,194,13.56,3,Unhealthy,43
2022-12-16 03:14:05.074844,University,8,4,183,19.18,4,Healthy,1
2022-12-17 03:14:05.074844,Downtown,13,1,203,11.64,3,Healthy,22
2022-12-18 03:14:05.074844,Suburban,12,1,224,13.99,3,Unhealthy,62
2022-12-19 03:14:05.074844,Suburban,5,0,207,12.15,3,Unhealthy,79
2022-12-20 03:14:05.074844,Downtown,10,3,201,18.99,3,Unhealthy,26
2022-12-21 03:14:05.074844,Suburban,10,1,197,6.14,3,Unhealthy,18
2022-12-22 03:14:05.074844,Downtown,21,6,201,12.52,4,Unhealthy,48
2022-12-23 03:14:05.074844,Suburban,9,1,186,15.3,3,Healthy,9
2022-12-24 03:14:05.074844,Mall,8,1,187,16.88,1,Healthy,1
2022-12-25 03:14:05.074844,Mall,8,3,207,13.75,4,Healthy,9
2022-12-26 03:14:05.074844,University,12,3,203,18.63,5,Healthy,23
2022-12-27 03:14:05.074844,Mall,14,0,192,19.13,3,Unhealthy,45
2022-12-28 03:14:05.074844,Mall,14,2,186,5.96,2,Unhealthy,2
2022-12-29 03:14:05.074844,Mall,12,1,193,11.04,4,Healthy,14
2022-12-30 03:14:05.074844,Downtown,5,3,192,5.35,5,Unhealthy,38
2022-12-31 03:14:05.074844,Mall,8,1,222,9.94,4,Healthy,40
2023-01-01 03:14:05.074844,Mall,8,3,189,13.05,4,Healthy,63
2023-01-02 03:14:05.074844,University,12,5,192,18.66,3,Unhealthy,82
2023-01-03 03:14:05.074844,Mall,12,0,218,17.7,4,Healthy,16
2023-01-04 03:14:05.074844,Mall,15,1,184,6.91,2,Healthy,93
2023-01-05 03:14:05.074844,Suburban,4,2,200,6.4,4,Healthy,75
2023-01-06 03:14:05.074844,University,13,1,220,13.84,4,Healthy,6
2023-01-07 03:14:05.074844,University,14,5,222,12.98,5,Unhealthy,3
2023-01-08 03:14:05.074844,University,11,1,199,9.0,3,Unhealthy,14
2023-01-09 03:14:05.074844,University,14,3,207,18.49,1,Healthy,66
2023-01-10 03:14:05.074844,University,10,2,193,18.91,4,Healthy,96
2023-01-11 03:14:05.074844,University,8,2,170,11.04,4,Unhealthy,95
2023-01-12 03:14:05.074844,Downtown,13,0,198,18.35,4,Unhealthy,75
2023-01-13 03:14:05.074844,Mall,15,2,197,10.76,3,Healthy,86
2023-01-14 03:14:05.074844,University,11,2,184,16.05,3,Healthy,67
2023-01-15 03:14:05.074844,Mall,11,4,201,12.14,4,Unhealthy,31
2023-01-16 03:14:05.074844,Mall,7,0,192,6.84,3,Unhealthy,33
2023-01-17 03:14:05.074844,Downtown,5,3,174,18.92,5,Healthy,88
2023-01-18 03:14:05.074844,University,10,3,174,11.81,4,Unhealthy,1
2023-01-19 03:14:05.074844,Suburban,17,3,211,16.02,4,Healthy,44
2023-01-20 03:14:05.074844,Downtown,12,2,209,10.51,4,Unhealthy,15
2023-01-21 03:14:05.074844,Suburban,11,0,199,5.28,4,Unhealthy,37
2023-01-22 03:14:05.074844,Mall,7,2,212,6.51,3,Unhealthy,27
2023-01-23 03:14:05.074844,Mall,10,2,194,12.44,4,Healthy,48
2023-01-24 03:14:05.074844,Downtown,6,1,206,15.35,3,Healthy,27
2023-01-25 03:14:05.074844,Downtown,10,0,218,10.02,4,Healthy,12
2023-01-26 03:14:05.074844,Suburban,11,0,212,15.43,3,Unhealthy,67
2023-01-27 03:14:05.074844,University,7,1,220,15.48,4,Healthy,30
2023-01-28 03:14:05.074844,Suburban,7,0,201,15.56,3,Healthy,96
2023-01-29 03:14:05.074844,Downtown,5,2,174,12.39,3,Healthy,87
2023-01-30 03:14:05.074844,Suburban,13,1,228,18.72,5,Unhealthy,66
2023-01-31 03:14:05.074844,Downtown,10,3,205,12.34,3,Healthy,7
2023-02-01 03:14:05.074844,Suburban,16,1,178,11.75,4,Healthy,34
2023-02-02 03:14:05.074844,Downtown,5,1,211,7.99,5,Healthy,32
2023-02-03 03:14:05.074844,Downtown,5,6,192,9.61,1,Unhealthy,39
2023-02-04 03:14:05.074844,Downtown,10,3,174,5.64,4,Unhealthy,96
2023-02-05 03:14:05.074844,University,10,1,189,14.5,3,Unhealthy,43
2023-02-06 03:14:05.074844,Suburban,8,1,228,8.73,1,Unhealthy,43
2023-02-07 03:14:05.074844,Suburban,9,4,196,9.56,3,Unhealthy,78
2023-02-08 03:14:05.074844,Suburban,15,3,193,16.56,5,Healthy,3
2023-02-09 03:14:05.074844,Downtown,11,0,206,9.91,1,Unhealthy,46
2023-02-10 03:14:05.074844,Suburban,13,0,168,8.63,4,Healthy,32
2023-02-11 03:14:05.074844,Suburban,11,3,202,7.54,4,Healthy,43
2023-02-12 03:14:05.074844,Downtown,7,3,201,16.62,5,Unhealthy,100
2023-02-13 03:14:05.074844,Mall,11,4,188,6.95,2,Healthy,81
2023-02-14 03:14:05.074844,Downtown,5,2,188,11.81,4,Healthy,3
2023-02-15 03:14:05.074844,Suburban,10,1,197,12.6,4,Healthy,74
2023-02-16 03:14:05.074844,Downtown,6,4,202,15.31,4,Unhealthy,63
2023-02-17 03:14:05.074844,Mall,13,2,222,14.5,5,Healthy,40
2023-02-18 03:14:05.074844,Downtown,4,1,178,17.16,4,Unhealthy,18
2023-02-19 03:14:05.074844,Suburban,16,2,227,5.67,1,Unhealthy,67
2023-02-20 03:14:05.074844,Mall,12,2,201,9.45,4,Unhealthy,62
2023-02-21 03:14:05.074844,University,11,2,177,9.2,3,Healthy,10
2023-02-22 03:14:05.074844,Suburban,12,1,223,7.19,3,Unhealthy,52
2023-02-23 03:14:05.074844,Mall,15,0,207,9.34,4,Healthy,73
2023-02-24 03:14:05.074844,Mall,10,3,204,9.65,3,Healthy,46
2023-02-25 03:14:05.074844,University,8,4,210,12.83,3,Healthy,55
2023-02-26 03:14:05.074844,Downtown,11,6,198,14.96,5,Unhealthy,46
2023-02-27 03:14:05.074844,Downtown,6,4,185,10.72,2,Healthy,75
2023-02-28 03:14:05.074844,Suburban,8,2,192,15.79,5,Healthy,60
2023-03-01 03:14:05.074844,University,11,1,184,10.04,4,Healthy,97
2023-03-02 03:14:05.074844,Downtown,12,4,181,9.35,4,Healthy,100
2023-03-03 03:14:05.074844,University,12,2,189,13.12,4,Unhealthy,26
2023-03-04 03:14:05.074844,Downtown,8,3,190,5.36,3,Unhealthy,27
2023-03-05 03:14:05.074844,Mall,9,2,220,6.2,3,Unhealthy,38
2023-03-06 03:14:05.074844,Downtown,15,3,205,11.27,3,Healthy,22
2023-03-07 03:14:05.074844,University,8,0,195,19.14,3,Healthy,26
2023-03-08 03:14:05.074844,Mall,9,2,207,15.82,5,Unhealthy,86
2023-03-09 03:14:05.074844,Mall,12,2,191,6.32,4,Healthy,69
2023-03-10 03:14:05.074844,Mall,9,2,179,17.69,2,Unhealthy,35
2023-03-11 03:14:05.074844,University,9,3,200,15.98,2,Healthy,66
2023-03-12 03:14:05.074844,Suburban,15,2,189,14.16,3,Unhealthy,99
2023-03-13 03:14:05.074844,Suburban,6,2,193,17.3,2,Healthy,73
2023-03-14 03:14:05.074844,Suburban,11,3,193,11.06,4,Healthy,51
2023-03-15 03:14:05.074844,University,8,5,221,8.32,2,Unhealthy,18
2023-03-16 03:14:05.074844,Mall,9,3,198,12.68,4,Unhealthy,43
2023-03-17 03:14:05.074844,Suburban,12,0,219,13.23,1,Healthy,12
2023-03-18 03:14:05.074844,University,9,2,230,13.07,3,Unhealthy,3
2023-03-19 03:14:05.074844,Suburban,12,3,193,13.48,4,Unhealthy,82
2023-03-20 03:14:05.074844,Downtown,10,2,202,19.23,4,Healthy,7
2023-03-21 03:14:05.074844,Suburban,9,3,197,18.53,5,Healthy,97
2023-03-22 03:14:05.074844,Suburban,6,2,210,18.14,5,Healthy,6
2023-03-23 03:14:05.074844,Mall,13,0,228,17.02,3,Healthy,82
2023-03-24 03:14:05.074844,University,8,2,188,19.15,1,Unhealthy,45
2023-03-25 03:14:05.074844,Mall,8,1,162,6.48,4,Healthy,86
2023-03-26 03:14:05.074844,Mall,11,2,180,8.98,5,Healthy,39
2023-03-27 03:14:05.074844,Mall,18,2,209,12.43,4,Healthy,51
2023-03-28 03:14:05.074844,Mall,9,4,189,17.7,2,Unhealthy,9
2023-03-29 03:14:05.074844,Mall,10,0,188,12.58,5,Healthy,99
2023-03-30 03:14:05.074844,Suburban,10,2,179,16.22,3,Healthy,23
2023-03-31 03:14:05.074844,Mall,9,0,188,7.08,4,Healthy,12
2023-04-01 03:14:05.074844,Mall,7,0,222,8.79,5,Unhealthy,88
2023-04-02 03:14:05.074844,University,10,1,194,15.98,3,Healthy,62
2023-04-03 03:14:05.074844,Downtown,11,2,196,7.47,5,Unhealthy,73
2023-04-04 03:14:05.074844,Suburban,9,0,198,10.27,3,Healthy,77
2023-04-05 03:14:05.074844,Suburban,10,1,230,8.97,5,Healthy,40
2023-04-06 03:14:05.074844,Suburban,11,4,202,10.25,3,Unhealthy,54
2023-04-07 03:14:05.074844,Mall,11,3,186,15.62,5,Healthy,81
2023-04-08 03:14:05.074844,Mall,9,4,187,10.52,2,Unhealthy,7
2023-04-09 03:14:05.074844,Mall,10,2,184,13.33,4,Unhealthy,17
2023-04-10 03:14:05.074844,University,15,2,204,6.5,4,Unhealthy,50
2023-04-11 03:14:05.074844,Downtown,10,2,195,17.08,4,Unhealthy,24
2023-04-12 03:14:05.074844,Mall,6,1,203,10.55,3,Healthy,2
2023-04-13 03:14:05.074844,Downtown,6,1,173,14.73,4,Healthy,99
2023-04-14 03:14:05.074844,University,8,1,215,15.88,3,Unhealthy,92
2023-04-15 03:14:05.074844,Suburban,16,1,215,8.14,4,Unhealthy,83
2023-04-16 03:14:05.074844,Mall,10,3,180,18.27,3,Unhealthy,33
2023-04-17 03:14:05.074844,Downtown,11,2,192,14.24,5,Healthy,21
2023-04-18 03:14:05.074844,Downtown,8,2,213,11.43,1,Healthy,74
2023-04-19 03:14:05.074844,Mall,13,2,200,7.74,3,Unhealthy,53
2023-04-20 03:14:05.074844,Suburban,10,0,196,19.13,3,Healthy,46
2023-04-21 03:14:05.074844,Suburban,13,1,182,16.33,3,Healthy,45
2023-04-22 03:14:05.074844,Suburban,7,4,170,8.12,3,Healthy,9
2023-04-23 03:14:05.074844,University,14,2,186,10.07,4,Unhealthy,6
2023-04-24 03:14:05.074844,Downtown,9,4,194,17.15,5,Healthy,51
2023-04-25 03:14:05.074844,Downtown,12,4,216,15.44,4,Unhealthy,35
2023-04-26 03:14:05.074844,Downtown,12,2,201,16.49,4,Healthy,82
2023-04-27 03:14:05.074844,University,8,1,206,11.62,2,Unhealthy,53
2023-04-28 03:14:05.074844,Downtown,13,3,206,15.75,4,Unhealthy,19
2023-04-29 03:14:05.074844,University,8,3,169,10.8,3,Healthy,69
2023-04-30 03:14:05.074844,Suburban,12,1,202,8.17,4,Unhealthy,25
2023-05-01 03:14:05.074844,Mall,11,1,179,14.49,3,Healthy,11
2023-05-02 03:14:05.074844,Downtown,14,4,187,19.64,3,Healthy,74
2023-05-03 03:14:05.074844,Downtown,5,1,192,9.66,3,Unhealthy,17
2023-05-04 03:14:05.074844,Suburban,4,4,183,11.91,5,Healthy,36
2023-05-05 03:14:05.074844,Mall,9,0,214,15.11,2,Healthy,90
2023-05-06 03:14:05.074844,University,8,3,200,13.12,4,Healthy,95
2023-05-07 03:14:05.074844,Mall,10,3,209,17.65,2,Healthy,96
2023-05-08 03:14:05.074844,Suburban,4,3,189,16.43,4,Unhealthy,21
2023-05-09 03:14:05.074844,Suburban,3,2,203,5.87,5,Healthy,18
2023-05-10 03:14:05.074844,Mall,9,1,190,19.98,3,Unhealthy,60
2023-05-11 03:14:05.074844,University,7,0,182,16.29,4,Unhealthy,18
2023-05-12 03:14:05.074844,University,9,2,196,17.96,5,Healthy,1
2023-05-13 03:14:05.074844,Downtown,8,2,219,14.77,4,Healthy,14
2023-05-14 03:14:05.074844,University,7,2,201,17.84,4,Unhealthy,8
2023-05-15 03:14:05.074844,Mall,9,3,208,6.69,4,Healthy,66
2023-05-16 03:14:05.074844,Suburban,6,3,180,10.22,4,Healthy,51
2023-05-17 03:14:05.074844,Downtown,10,1,206,18.15,2,Healthy,79
2023-05-18 03:14:05.074844,Downtown,11,2,185,8.02,4,Unhealthy,60
2023-05-19 03:14:05.074844,Suburban,7,1,229,6.17,3,Unhealthy,34
2023-05-20 03:14:05.074844,University,10,2,217,16.82,2,Healthy,36
2023-05-21 03:14:05.074844,Suburban,6,0,212,17.53,4,Healthy,62
2023-05-22 03:14:05.074844,University,8,1,215,7.44,3,Unhealthy,1
2023-05-23 03:14:05.074844,Suburban,8,1,204,17.82,2,Unhealthy,85
2023-05-24 03:14:05.074844,Mall,11,2,190,15.3,4,Unhealthy,42
2023-05-25 03:14:05.074844,University,12,1,200,12.8,5,Unhealthy,1
2023-05-26 03:14:05.074844,Mall,3,1,194,17.45,5,Healthy,96
2023-05-27 03:14:05.074844,Downtown,12,2,194,11.29,5,Unhealthy,84
2023-05-28 03:14:05.074844,Suburban,14,4,222,7.91,5,Healthy,54
2023-05-29 03:14:05.074844,Downtown,7,0,195,9.27,1,Healthy,47
2023-05-30 03:14:05.074844,Downtown,8,1,205,12.58,3,Unhealthy,100
2023-05-31 03:14:05.074844,Downtown,9,4,227,12.97,4,Healthy,39
2023-06-01 03:14:05.074844,Downtown,14,2,232,17.08,3,Unhealthy,30
2023-06-02 03:14:05.074844,Suburban,9,1,204,16.87,4,Healthy,7
2023-06-03 03:14:05.074844,Downtown,5,1,221,13.72,4,Unhealthy,22
2023-06-04 03:14:05.074844,Suburban,10,3,207,16.71,3,Unhealthy,50
2023-06-05 03:14:05.074844,Suburban,11,1,183,7.88,5,Healthy,45
2023-06-06 03:14:05.074844,Mall,12,3,219,5.75,4,Unhealthy,74
2023-06-07 03:14:05.074844,University,17,3,181,18.1,4,Healthy,72
2023-06-08 03:14:05.074844,University,8,2,204,6.13,5,Unhealthy,91
2023-06-09 03:14:05.074844,Suburban,13,2,190,8.7,4,Healthy,10
2023-06-10 03:14:05.074844,Mall,3,4,197,15.43,3,Unhealthy,14
2023-06-11 03:14:05.074844,Suburban,17,1,184,11.14,4,Healthy,46
2023-06-12 03:14:05.074844,Suburban,9,1,201,18.14,4,Healthy,75
2023-06-13 03:14:05.074844,Suburban,7,2,225,9.47,4,Healthy,6
2023-06-14 03:14:05.074844,Mall,9,1,210,5.18,4,Healthy,21
2023-06-15 03:14:05.074844,University,13,3,186,9.51,4,Unhealthy,62
2023-06-16 03:14:05.074844,Mall,7,3,208,13.67,3,Unhealthy,97
2023-06-17 03:14:05.074844,Downtown,10,4,197,10.64,5,Unhealthy,19
2023-06-18 03:14:05.074844,Mall,7,1,213,13.02,5,Healthy,88
2023-06-19 03:14:05.074844,Mall,11,1,213,18.15,3,Healthy,82
2023-06-20 03:14:05.074844,Mall,6,1,206,18.69,2,Healthy,99
2023-06-21 03:14:05.074844,Mall,12,1,190,8.99,5,Unhealthy,62
2023-06-22 03:14:05.074844,University,11,2,180,11.93,5,Unhealthy,83
2023-06-23 03:14:05.074844,Downtown,12,0,187,13.24,5,Healthy,53
2023-06-24 03:14:05.074844,University,15,1,223,19.24,5,Healthy,24
2023-06-25 03:14:05.074844,University,9,2,209,19.98,4,Healthy,56
2023-06-26 03:14:05.074844,Mall,5,4,178,8.53,4,Unhealthy,62
2023-06-27 03:14:05.074844,Suburban,8,0,203,15.9,4,Unhealthy,34
2023-06-28 03:14:05.074844,Suburban,8,0,211,10.67,2,Unhealthy,22
2023-06-29 03:14:05.074844,University,6,1,208,5.12,4,Healthy,68
2023-06-30 03:14:05.074844,University,10,1,216,5.14,4,Unhealthy,57
2023-07-01 03:14:05.074844,Mall,10,4,206,11.91,4,Unhealthy,10
2023-07-02 03:14:05.074844,University,18,2,207,12.33,4,Healthy,66
2023-07-03 03:14:05.074844,Mall,12,2,199,5.34,4,Unhealthy,8
2023-07-04 03:14:05.074844,Suburban,6,2,198,15.3,3,Healthy,97
2023-07-05 03:14:05.074844,Suburban,6,5,200,9.41,3,Healthy,38
2023-07-06 03:14:05.074844,Downtown,13,3,214,13.4,3,Unhealthy,62
2023-07-07 03:14:05.074844,Suburban,8,4,188,9.51,3,Healthy,28
2023-07-08 03:14:05.074844,University,14,3,215,7.51,5,Unhealthy,10
2023-07-09 03:14:05.074844,Suburban,13,0,201,11.11,3,Unhealthy,45
2023-07-10 03:14:05.074844,Mall,9,3,194,8.48,3,Healthy,65
2023-07-11 03:14:05.074844,Suburban,4,2,189,13.02,4,Unhealthy,98
2023-07-12 03:14:05.074844,Downtown,7,3,213,7.98,4,Unhealthy,67
2023-07-13 03:14:05.074844,Suburban,12,3,190,12.63,3,Healthy,9
2023-07-14 03:14:05.074844,Mall,16,1,194,7.36,4,Healthy,5
2023-07-15 03:14:05.074844,Mall,18,1,198,15.06,4,Healthy,10
2023-07-16 03:14:05.074844,University,9,4,209,16.31,3,Healthy,12
2023-07-17 03:14:05.074844,Suburban,7,0,218,6.66,3,Healthy,82
2023-07-18 03:14:05.074844,Mall,11,2,181,12.02,5,Healthy,58
2023-07-19 03:14:05.074844,Downtown,11,3,214,6.06,4,Healthy,21
2023-07-20 03:14:05.074844,University,13,1,193,13.97,4,Unhealthy,21
2023-07-21 03:14:05.074844,Downtown,9,0,199,8.97,2,Healthy,65
2023-07-22 03:14:05.074844,Suburban,7,3,205,12.91,3,Unhealthy,3
2023-07-23 03:14:05.074844,Suburban,15,2,231,12.76,4,Unhealthy,69
2023-07-24 03:14:05.074844,Suburban,10,1,240,18.87,3,Unhealthy,89
2023-07-25 03:14:05.074844,University,12,2,199,13.24,3,Healthy,64
2023-07-26 03:14:05.074844,Mall,6,1,198,13.74,4,Unhealthy,49
2023-07-27 03:14:05.074844,University,11,0,197,11.02,3,Unhealthy,72
2023-07-28 03:14:05.074844,Downtown,10,2,210,19.24,4,Unhealthy,17
2023-07-29 03:14:05.074844,University,10,0,216,16.66,4,Healthy,73
2023-07-30 03:14:05.074844,Downtown,4,3,204,9.28,3,Healthy,32
2023-07-31 03:14:05.074844,University,13,2,195,17.66,4,Unhealthy,70
2023-08-01 03:14:05.074844,Mall,10,4,192,11.49,2,Healthy,21
2023-08-02 03:14:05.074844,Downtown,9,1,187,17.43,4,Healthy,7
2023-08-03 03:14:05.074844,Suburban,14,0,208,17.34,3,Healthy,7
2023-08-04 03:14:05.074844,Suburban,18,0,232,7.83,2,Unhealthy,27
2023-08-05 03:14:05.074844,University,11,4,218,15.52,4,Unhealthy,8
2023-08-06 03:14:05.074844,Suburban,9,0,203,9.36,4,Healthy,73
2023-08-07 03:14:05.074844,Downtown,16,5,201,9.46,5,Unhealthy,28
2023-08-08 03:14:05.074844,Suburban,13,0,176,9.45,3,Unhealthy,79
2023-08-09 03:14:05.074844,Mall,10,3,198,15.88,3,Healthy,66
2023-08-10 03:14:05.074844,Mall,7,2,195,8.45,4,Unhealthy,71
2023-08-11 03:14:05.074844,University,12,1,214,5.01,4,Unhealthy,47
2023-08-12 03:14:05.074844,Downtown,11,1,186,15.73,3,Unhealthy,82
2023-08-13 03:14:05.074844,Mall,10,1,210,7.57,4,Healthy,86
2023-08-14 03:14:05.074844,Mall,16,2,200,6.57,4,Unhealthy,10
2023-08-15 03:14:05.074844,Downtown,11,3,196,8.56,5,Healthy,33
2023-08-16 03:14:05.074844,Suburban,8,2,210,10.7,5,Healthy,7
2023-08-17 03:14:05.074844,Suburban,12,3,185,12.14,3,Healthy,3
2023-08-18 03:14:05.074844,University,9,3,191,5.67,4,Unhealthy,14
2023-08-19 03:14:05.074844,Suburban,10,1,180,19.56,3,Unhealthy,44
2023-08-20 03:14:05.074844,Downtown,5,2,191,15.74,4,Healthy,46
2023-08-21 03:14:05.074844,Mall,9,2,218,9.85,4,Healthy,61
2023-08-22 03:14:05.074844,Suburban,13,2,212,9.78,5,Unhealthy,36
2023-08-23 03:14:05.074844,University,9,4,208,11.73,4,Healthy,13
2023-08-24 03:14:05.074844,Suburban,11,1,196,14.39,5,Unhealthy,16
2023-08-25 03:14:05.074844,Downtown,13,0,202,7.2,4,Healthy,80
2023-08-26 03:14:05.074844,University,11,1,181,7.83,5,Healthy,5
2023-08-27 03:14:05.074844,Suburban,11,2,206,17.89,4,Unhealthy,89
2023-08-28 03:14:05.074844,University,5,0,232,8.84,4,Healthy,38
2023-08-29 03:14:05.074844,Downtown,7,1,192,10.7,3,Healthy,50
2023-08-30 03:14:05.074844,Mall,2,0,192,18.07,3,Healthy,38
2023-08-31 03:14:05.074844,Downtown,14,2,201,14.95,1,Unhealthy,56
2023-09-01 03:14:05.074844,Downtown,17,2,179,10.13,4,Unhealthy,63
2023-09-02 03:14:05.074844,Downtown,9,3,213,15.26,4,Healthy,48
2023-09-03 03:14:05.074844,Downtown,10,0,209,5.3,4,Healthy,90
2023-09-04 03:14:05.074844,Mall,8,5,196,16.03,5,Unhealthy,59
2023-09-05 03:14:05.074844,Mall,15,5,238,12.31,5,Healthy,77
2023-09-06 03:14:05.074844,University,13,1,197,17.2,3,Unhealthy,44
2023-09-07 03:14:05.074844,Suburban,10,4,195,19.32,3,Healthy,90
2023-09-08 03:14:05.074844,Mall,11,2,169,18.89,3,Healthy,55
2023-09-09 03:14:05.074844,Mall,8,3,197,18.64,3,Unhealthy,55
2023-09-10 03:14:05.074844,Suburban,7,2,214,12.68,4,Healthy,1
2023-09-11 03:14:05.074844,Mall,10,3,199,10.4,4,Unhealthy,8
2023-09-12 03:14:05.074844,Downtown,8,2,206,11.98,4,Healthy,4
2023-09-13 03:14:05.074844,Downtown,13,2,188,15.35,5,Healthy,85
2023-09-14 03:14:05.074844,Suburban,10,2,164,18.26,4,Unhealthy,86
2023-09-15 03:14:05.074844,University,9,2,191,8.1,2,Healthy,53
2023-09-16 03:14:05.074844,University,6,0,189,18.77,4,Unhealthy,58
2023-09-17 03:14:05.074844,Suburban,10,4,201,17.23,3,Healthy,37
2023-09-18 03:14:05.074844,Suburban,20,4,219,19.68,3,Unhealthy,49
2023-09-19 03:14:05.074844,Downtown,8,1,193,18.2,2,Unhealthy,67
2023-09-20 03:14:05.074844,University,7,3,195,9.2,4,Healthy,19
2023-09-21 03:14:05.074844,Mall,7,0,207,6.59,3,Unhealthy,1
2023-09-22 03:14:05.074844,Downtown,9,2,203,6.68,3,Unhealthy,29
2023-09-23 03:14:05.074844,Suburban,8,0,186,9.37,4,Healthy,87
2023-09-24 03:14:05.074844,University,13,3,228,14.21,4,Unhealthy,33
2023-09-25 03:14:05.074844,Mall,9,2,207,17.06,3,Unhealthy,52
2023-09-26 03:14:05.074844,Mall,13,1,181,18.49,1,Healthy,41
2023-09-27 03:14:05.074844,Downtown,11,0,192,14.36,4,Healthy,23
2023-09-28 03:14:05.074844,University,12,0,185,5.08,1,Healthy,5
2023-09-29 03:14:05.074844,University,13,4,195,7.79,5,Healthy,71
2023-09-30 03:14:05.074844,Suburban,17,2,202,6.5,4,Unhealthy,57
2023-10-01 03:14:05.074844,University,8,2,191,10.45,3,Healthy,6
2023-10-02 03:14:05.074844,University,8,3,218,12.52,3,Unhealthy,49
2023-10-03 03:14:05.074844,Downtown,13,5,178,5.65,1,Healthy,22
2023-10-04 03:14:05.074844,University,10,3,194,10.23,3,Healthy,77
2023-10-05 03:14:05.074844,Mall,9,0,194,7.69,2,Unhealthy,76
2023-10-06 03:14:05.074844,Downtown,13,0,204,14.71,4,Unhealthy,4
2023-10-07 03:14:05.074844,Downtown,12,2,187,11.96,3,Unhealthy,72
2023-10-08 03:14:05.074844,Suburban,15,2,213,12.43,4,Healthy,64
2023-10-09 03:14:05.074844,University,8,2,178,11.42,4,Healthy,37
2023-10-10 03:14:05.074844,Suburban,7,3,209,19.34,3,Healthy,31
2023-10-11 03:14:05.074844,Mall,12,0,205,8.22,1,Unhealthy,37
2023-10-12 03:14:05.074844,Downtown,17,0,209,12.75,1,Healthy,45
2023-10-13 03:14:05.074844,Downtown,9,3,193,16.04,1,Unhealthy,90
2023-10-14 03:14:05.074844,Downtown,9,2,187,13.35,4,Unhealthy,8
2023-10-15 03:14:05.074844,Mall,14,3,223,18.94,3,Healthy,40
2023-10-16 03:14:05.074844,Mall,9,1,196,10.67,4,Unhealthy,97
2023-10-17 03:14:05.074844,Suburban,10,3,205,11.96,3,Unhealthy,93
2023-10-18 03:14:05.074844,Suburban,6,3,176,6.33,4,Unhealthy,5
2023-10-19 03:14:05.074844,Suburban,6,1,211,14.13,4,Healthy,28
2023-10-20 03:14:05.074844,University,8,3,215,9.32,4,Healthy,81
2023-10-21 03:14:05.074844,Downtown,7,4,206,7.4,3,Healthy,87
2023-10-22 03:14:05.074844,Downtown,11,2,205,13.17,2,Healthy,9
2023-10-23 03:14:05.074844,Suburban,15,1,193,12.98,4,Unhealthy,2
2023-10-24 03:14:05.074844,Downtown,12,4,174,6.14,3,Unhealthy,63
2023-10-25 03:14:05.074844,Suburban,10,1,201,15.47,3,Healthy,96
2023-10-26 03:14:05.074844,University,8,1,200,14.36,4,Unhealthy,51
2023-10-27 03:14:05.074844,University,11,3,196,7.84,4,Unhealthy,31
2023-10-28 03:14:05.074844,Mall,12,1,219,12.04,4,Healthy,7
2023-10-29 03:14:05.074844,University,8,4,204,15.8,4,Healthy,30
2023-10-30 03:14:05.074844,Suburban,12,3,198,12.94,4,Unhealthy,58
2023-10-31 03:14:05.074844,University,12,0,175,10.93,4,Unhealthy,3
2023-11-01 03:14:05.074844,Mall,7,2,174,9.84,4,Unhealthy,51
2023-11-02 03:14:05.074844,Downtown,12,3,212,14.16,4,Healthy,56
2023-11-03 03:14:05.074844,Suburban,8,2,205,19.09,5,Healthy,73
2023-11-04 03:14:05.074844,Downtown,4,1,213,15.08,3,Healthy,10
2023-11-05 03:14:05.074844,Mall,5,4,209,6.12,3,Unhealthy,61
2023-11-06 03:14:05.074844,Mall,12,1,164,11.91,4,Unhealthy,50
2023-11-07 03:14:05.074844,Mall,9,1,185,18.36,4,Healthy,47
2023-11-08 03:14:05.074844,Downtown,9,0,197,6.42,2,Unhealthy,90
2023-11-09 03:14:05.074844,Downtown,7,3,199,19.83,5,Unhealthy,1
2023-11-10 03:14:05.074844,Downtown,8,0,196,19.24,1,Unhealthy,94
2023-11-11 03:14:05.074844,Downtown,11,2,218,6.17,4,Unhealthy,57
2023-11-12 03:14:05.074844,Mall,8,1,217,19.0,4,Healthy,38
2023-11-13 03:14:05.074844,Mall,11,1,182,10.45,5,Unhealthy,62
2023-11-14 03:14:05.074844,Suburban,11,2,187,17.67,2,Healthy,79
2023-11-15 03:14:05.074844,Suburban,7,4,173,11.28,4,Healthy,89
2023-11-16 03:14:05.074844,Downtown,12,4,181,11.61,3,Unhealthy,70
2023-11-17 03:14:05.074844,University,8,3,218,14.51,3,Unhealthy,82
2023-11-18 03:14:05.074844,University,17,4,211,16.62,2,Unhealthy,65
2023-11-19 03:14:05.074844,Mall,7,1,214,5.51,4,Unhealthy,62
2023-11-20 03:14:05.074844,Mall,12,2,213,13.9,4,Unhealthy,56
2023-11-21 03:14:05.074844,Mall,9,1,229,7.8,2,Unhealthy,67
2023-11-22 03:14:05.074844,Suburban,11,1,198,10.19,4,Healthy,17
2023-11-23 03:14:05.074844,Suburban,9,4,215,10.22,4,Unhealthy,8
2023-11-24 03:14:05.074844,Mall,7,2,185,12.04,4,Healthy,60
2023-11-25 03:14:05.074844,Mall,21,0,214,10.01,5,Healthy,40
2023-11-26 03:14:05.074844,Mall,5,3,199,6.61,3,Healthy,81
2023-11-27 03:14:05.074844,University,15,1,215,7.18,5,Unhealthy,89
2023-11-28 03:14:05.074844,Suburban,7,2,217,5.5,5,Unhealthy,62
2023-11-29 03:14:05.074844,University,12,2,186,12.05,3,Unhealthy,41
2023-11-30 03:14:05.074844,University,11,0,191,19.32,3,Unhealthy,12
2023-12-01 03:14:05.074844,Mall,11,2,169,6.74,3,Healthy,93
2023-12-02 03:14:05.074844,Mall,12,5,214,19.19,3,Unhealthy,89
2023-12-03 03:14:05.074844,Downtown,7,2,188,16.0,4,Unhealthy,100
2023-12-04 03:14:05.074844,Downtown,12,3,201,14.56,4,Unhealthy,54
2023-12-05 03:14:05.074844,University,7,0,198,14.68,4,Unhealthy,89
2023-12-06 03:14:05.074844,Suburban,8,2,205,17.4,4,Unhealthy,93
2023-12-07 03:14:05.074844,Mall,4,1,184,6.6,2,Unhealthy,11
2023-12-08 03:14:05.074844,Mall,12,3,196,12.57,5,Unhealthy,60
2023-12-09 03:14:05.074844,University,12,2,203,15.46,3,Healthy,68
2023-12-10 03:14:05.074844,Downtown,16,1,185,13.8,5,Unhealthy,78
2023-12-11 03:14:05.074844,Suburban,7,2,203,17.49,2,Healthy,46
2023-12-12 03:14:05.074844,Downtown,12,1,201,6.08,5,Healthy,38
2023-12-13 03:14:05.074844,Downtown,10,2,207,15.36,2,Unhealthy,61
2023-12-14 03:14:05.074844,Downtown,9,5,189,13.01,3,Healthy,17
2023-12-15 03:14:05.074844,Downtown,11,3,204,10.69,1,Unhealthy,66
2023-12-16 03:14:05.074844,Mall,8,4,204,10.1,4,Healthy,72
2023-12-17 03:14:05.074844,Mall,13,2,213,14.31,5,Healthy,36
2023-12-18 03:14:05.074844,Downtown,11,2,204,18.36,3,Healthy,74
2023-12-19 03:14:05.074844,Suburban,12,0,200,12.44,5,Healthy,7
2023-12-20 03:14:05.074844,University,9,2,203,17.37,4,Unhealthy,100
2023-12-21 03:14:05.074844,Suburban,16,1,198,11.03,4,Healthy,16
2023-12-22 03:14:05.074844,Suburban,13,1,200,6.54,4,Healthy,14
2023-12-23 03:14:05.074844,Suburban,9,2,198,5.92,3,Healthy,80
2023-12-24 03:14:05.074844,Downtown,8,3,194,5.77,3,Healthy,25
2023-12-25 03:14:05.074844,Mall,16,1,182,10.7,5,Unhealthy,4
2023-12-26 03:14:05.074844,Suburban,13,2,212,10.06,5,Healthy,29
2023-12-27 03:14:05.074844,Downtown,11,1,211,15.77,5,Unhealthy,56
2023-12-28 03:14:05.074844,Suburban,6,2,203,16.14,5,Unhealthy,6
2023-12-29 03:14:05.074844,Suburban,4,1,188,5.76,2,Unhealthy,1
2023-12-30 03:14:05.074844,Downtown,13,1,182,8.32,4,Unhealthy,39
2023-12-31 03:14:05.074844,Mall,5,3,192,9.11,3,Healthy,1
2024-01-01 03:14:05.074844,Mall,8,3,186,13.21,5,Healthy,63
2024-01-02 03:14:05.074844,University,10,1,237,7.17,4,Unhealthy,57
2024-01-03 03:14:05.074844,Downtown,9,0,198,7.01,4,Unhealthy,67
2024-01-04 03:14:05.074844,University,13,3,206,19.16,4,Unhealthy,65
2024-01-05 03:14:05.074844,University,17,3,190,17.06,3,Unhealthy,65
2024-01-06 03:14:05.074844,University,8,3,206,7.71,2,Healthy,21
2024-01-07 03:14:05.074844,Mall,16,0,185,11.1,5,Healthy,30
2024-01-08 03:14:05.074844,Downtown,5,0,203,10.33,4,Unhealthy,96
2024-01-09 03:14:05.074844,University,10,0,180,16.87,2,Unhealthy,33
2024-01-10 03:14:05.074844,Downtown,7,4,207,12.65,4,Healthy,48
2024-01-11 03:14:05.074844,Downtown,9,1,208,6.92,4,Unhealthy,22
2024-01-12 03:14:05.074844,Mall,6,3,230,16.08,3,Healthy,94
2024-01-13 03:14:05.074844,University,7,0,206,10.95,3,Healthy,54
2024-01-14 03:14:05.074844,University,6,0,235,8.94,5,Unhealthy,4
2024-01-15 03:14:05.074844,Downtown,12,4,190,10.63,4,Unhealthy,87
2024-01-16 03:14:05.074844,Suburban,10,1,197,12.47,4,Unhealthy,55
2024-01-17 03:14:05.074844,Mall,5,2,191,10.15,4,Healthy,44
2024-01-18 03:14:05.074844,Mall,7,4,187,8.63,2,Healthy,89
2024-01-19 03:14:05.074844,Mall,5,1,198,10.98,4,Unhealthy,12
2024-01-20 03:14:05.074844,Mall,10,0,219,5.29,3,Healthy,81
2024-01-21 03:14:05.074844,University,7,1,176,16.59,3,Unhealthy,79
2024-01-22 03:14:05.074844,University,9,2,206,7.56,4,Unhealthy,74
2024-01-23 03:14:05.074844,Suburban,11,1,209,5.66,5,Unhealthy,99
2024-01-24 03:14:05.074844,Mall,9,1,177,14.81,3,Healthy,52
2024-01-25 03:14:05.074844,Mall,10,1,188,16.61,3,Unhealthy,93
2024-01-26 03:14:05.074844,Downtown,12,3,214,17.21,4,Healthy,76
2024-01-27 03:14:05.074844,University,10,1,199,12.4,5,Healthy,65
2024-01-28 03:14:05.074844,Mall,14,1,185,8.08,4,Healthy,65
2024-01-29 03:14:05.074844,Suburban,10,3,197,16.06,5,Healthy,10
2024-01-30 03:14:05.074844,Suburban,11,1,183,15.5,4,Unhealthy,18
2024-01-31 03:14:05.074844,University,8,2,224,8.69,4,Healthy,47
2024-02-01 03:14:05.074844,Suburban,12,0,185,18.55,2,Healthy,66
2024-02-02 03:14:05.074844,Suburban,9,1,209,6.57,3,Unhealthy,49
2024-02-03 03:14:05.074844,University,7,3,192,19.74,3,Healthy,72
2024-02-04 03:14:05.074844,Mall,9,1,198,17.9,4,Unhealthy,22
2024-02-05 03:14:05.074844,Mall,13,4,198,15.32,5,Healthy,86
2024-02-06 03:14:05.074844,Suburban,10,2,184,19.08,5,Healthy,26
2024-02-07 03:14:05.074844,Suburban,11,0,201,15.83,2,Unhealthy,90
2024-02-08 03:14:05.074844,Mall,7,4,198,7.86,3,Healthy,9
2024-02-09 03:14:05.074844,University,12,2,207,11.63,3,Unhealthy,21
2024-02-10 03:14:05.074844,Suburban,14,1,223,6.07,3,Healthy,95
2024-02-11 03:14:05.074844,Downtown,8,1,202,10.84,4,Healthy,63
2024-02-12 03:14:05.074844,University,9,2,202,16.12,5,Healthy,6
2024-02-13 03:14:05.074844,Suburban,10,1,182,10.8,5,Healthy,14
2024-02-14 03:14:05.074844,Suburban,9,2,199,9.95,4,Healthy,33
2024-02-15 03:14:05.074844,Downtown,15,2,203,13.93,4,Unhealthy,71
2024-02-16 03:14:05.074844,Downtown,9,1,214,18.08,4,Healthy,24
2024-02-17 03:14:05.074844,Mall,19,1,196,5.71,3,Healthy,73
2024-02-18 03:14:05.074844,University,11,5,214,10.78,4,Healthy,75
2024-02-19 03:14:05.074844,University,9,1,195,7.37,4,Unhealthy,87
2024-02-20 03:14:05.074844,Mall,11,6,223,15.43,4,Unhealthy,51
2024-02-21 03:14:05.074844,University,7,4,206,6.59,3,Unhealthy,2
2024-02-22 03:14:05.074844,University,9,2,196,14.97,3,Unhealthy,15
2024-02-23 03:14:05.074844,University,9,1,173,9.29,3,Healthy,35
2024-02-24 03:14:05.074844,University,12,1,212,7.98,5,Healthy,36
2024-02-25 03:14:05.074844,University,12,3,185,19.05,3,Unhealthy,92
2024-02-26 03:14:05.074844,Downtown,7,2,206,5.28,4,Unhealthy,39
2024-02-27 03:14:05.074844,University,10,1,199,11.57,4,Healthy,4
2024-02-28 03:14:05.074844,Downtown,10,4,224,5.32,3,Healthy,64
2024-02-29 03:14:05.074844,University,13,2,198,12.25,4,Unhealthy,74
2024-03-01 03:14:05.074844,Mall,13,1,196,12.52,5,Unhealthy,6
2024-03-02 03:14:05.074844,Suburban,6,3,191,9.82,4,Healthy,57
2024-03-03 03:14:05.074844,Downtown,11,2,218,6.98,5,Unhealthy,30
2024-03-04 03:14:05.074844,University,6,4,207,10.65,3,Healthy,99
2024-03-05 03:14:05.074844,Mall,11,4,193,15.08,2,Healthy,74
2024-03-06 03:14:05.074844,Suburban,15,1,190,16.74,5,Healthy,96
2024-03-07 03:14:05.074844,Downtown,11,4,220,12.96,4,Healthy,67
2024-03-08 03:14:05.074844,Suburban,10,0,198,13.85,5,Healthy,90
2024-03-09 03:14:05.074844,Mall,8,3,219,8.01,4,Unhealthy,15
2024-03-10 03:14:05.074844,Downtown,8,3,200,9.31,5,Healthy,17
2024-03-11 03:14:05.074844,Suburban,7,2,217,7.43,4,Unhealthy,91
2024-03-12 03:14:05.074844,University,15,3,196,8.74,4,Healthy,18
2024-03-13 03:14:05.074844,Downtown,7,1,210,8.37,4,Healthy,19
2024-03-14 03:14:05.074844,Suburban,12,4,201,12.79,3,Unhealthy,76
2024-03-15 03:14:05.074844,Mall,13,3,201,13.44,5,Unhealthy,88
2024-03-16 03:14:05.074844,Mall,13,0,197,19.17,3,Unhealthy,69
2024-03-17 03:14:05.074844,Downtown,12,2,218,7.93,4,Unhealthy,24
2024-03-18 03:14:05.074844,Suburban,16,1,198,14.63,3,Healthy,91
2024-03-19 03:14:05.074844,Downtown,8,0,208,17.26,4,Healthy,48
2024-03-20 03:14:05.074844,Downtown,7,3,206,13.4,4,Unhealthy,30
2024-03-21 03:14:05.074844,Suburban,7,1,197,8.83,1,Unhealthy,15
2024-03-22 03:14:05.074844,Suburban,8,1,236,8.94,5,Unhealthy,47
2024-03-23 03:14:05.074844,University,13,1,200,5.59,3,Unhealthy,44
2024-03-24 03:14:05.074844,Suburban,5,4,190,9.58,4,Unhealthy,98
2024-03-25 03:14:05.074844,Mall,9,3,191,16.17,2,Healthy,27
2024-03-26 03:14:05.074844,Downtown,7,0,207,5.71,1,Unhealthy,84
2024-03-27 03:14:05.074844,Downtown,15,1,191,8.29,3,Unhealthy,64
2024-03-28 03:14:05.074844,Mall,7,4,214,15.59,4,Unhealthy,41
2024-03-29 03:14:05.074844,Suburban,4,2,204,16.74,2,Healthy,96
2024-03-30 03:14:05.074844,Mall,12,1,215,11.83,5,Healthy,68
2024-03-31 03:14:05.074844,Mall,7,2,190,15.47,3,Healthy,5
2024-04-01 03:14:05.074844,University,9,1,201,10.82,3,Healthy,53
2024-04-02 03:14:05.074844,Mall,13,3,197,7.4,3,Unhealthy,8
2024-04-03 03:14:05.074844,Downtown,8,3,209,10.97,1,Healthy,22
2024-04-04 03:14:05.074844,Mall,7,6,186,13.7,4,Healthy,7
2024-04-05 03:14:05.074844,Downtown,13,1,188,19.22,5,Healthy,22
2024-04-06 03:14:05.074844,Downtown,13,3,195,6.03,4,Unhealthy,46
2024-04-07 03:14:05.074844,Downtown,11,1,201,12.61,3,Unhealthy,30
2024-04-08 03:14:05.074844,Suburban,14,4,184,9.93,3,Healthy,16
2024-04-09 03:14:05.074844,University,13,2,197,12.62,4,Healthy,79
2024-04-10 03:14:05.074844,Downtown,12,3,202,5.36,5,Healthy,5
2024-04-11 03:14:05.074844,Downtown,7,1,209,9.7,3,Unhealthy,67
2024-04-12 03:14:05.074844,Suburban,8,2,189,17.3,4,Healthy,23
2024-04-13 03:14:05.074844,Downtown,13,2,231,13.31,3,Unhealthy,61
2024-04-14 03:14:05.074844,Mall,11,2,200,11.76,3,Healthy,74
2024-04-15 03:14:05.074844,Mall,9,1,171,9.28,4,Healthy,5
2024-04-16 03:14:05.074844,University,12,4,183,9.47,2,Unhealthy,23
2024-04-17 03:14:05.074844,Downtown,16,1,201,10.75,4,Healthy,79
2024-04-18 03:14:05.074844,Suburban,10,1,185,17.53,3,Unhealthy,82
2024-04-19 03:14:05.074844,Mall,12,2,193,19.51,4,Healthy,25
2024-04-20 03:14:05.074844,Suburban,8,2,192,11.58,2,Unhealthy,8
2024-04-21 03:14:05.074844,Suburban,11,5,188,10.9,5,Unhealthy,95
2024-04-22 03:14:05.074844,Mall,9,0,197,17.7,3,Unhealthy,21
2024-04-23 03:14:05.074844,Suburban,14,0,190,11.4,5,Healthy,2
2024-04-24 03:14:05.074844,Mall,11,2,201,13.28,4,Healthy,22
